transaction_id,wbc,lymp,neutp,lymn,neutn,rbc,hgb,hct,mcv,mch,mchc,plt,pdw,pct,diagnosis,reject_reason
a7f1f041-85da-460a-8d6f-36160b624c8b,4.2,39.1,53.7,1.6,2.3,3.93,0.4,316.0,80.6,23.9,29.7,236.0,12.8,0.22,Normocytic hypochromic anemia,implausible_hgb
313c5653-ba44-489a-884d-5dea2139c394,11.8,10.7,80.0,1.3,9.4,4.58,1.2,35.1,76.8,24.4,31.9,141.0,15.9,0.14,Iron deficiency anemia,implausible_hgb
41e06932-086e-4f3f-abcc-ca327961b96a,6.0,39.0,53.2,2.0,0.5,3.2,4.82,12.1,36.6,76.0,25.1,13.9,9.3,12.8,Other microcytic anemia,implausible_mcv
0b92bdbb-c9e6-4e21-8956-08b67ca542ba,6.5,44.0,47.0,3.0,12.9,41.1,85.1,26.6,31.3,37.2,12.4,11.8,21.8,0.14,Other microcytic anemia,"implausible_hgb,implausible_rbc,implausible_mcv"
ac8bce18-3a27-4946-9e34-b4bb27b92a45,9.1,8.9,86.1,0.8,7.8,4.66,-10.0,34.6,74.4,21.4,28.9,312.0,12.3,0.28,Iron deficiency anemia,implausible_hgb
908a4d2d-c53a-42ae-9ebd-80557ccad68d,7.1,11.2,59.0,1.2,3.0,90.8,12.6,39.4,83.3,26.5,31.9,124.0,12.0,0.11,Normocytic hypochromic anemia,implausible_rbc
6d15ce20-44ae-4a00-a68e-4890e344e97e,3.2,43.5,49.1,1.4,1.6,5.12,11.9,40.6,-79.3,23.2,29.3,161.0,15.9,0.17,Iron deficiency anemia,implausible_mcv
86fd90d7-3d6c-4cea-aa81-0462871c6b5a,6.2,33.6,58.6,2.1,3.6,4.73,13.2,41.6,990.0,27.9,31.7,145.0,13.6,0.13,Thrombocytopenia,implausible_mcv
8a2f04f6-8151-4bc2-9f1f-e796c2bf6356,3.8,36.6,54.7,1.4,2.1,10.9,35.2,81.2,25.1,10.9,30.9,119.0,17.9,0.12,Thrombocytopenia,"implausible_hgb,implausible_rbc,implausible_mcv"
d5913987-7c61-46dc-82e0-dd2e9c8149e0,22.2,9.6,0.7,5.0,9.0,29.7,87.1,26.3,30.3,35.3,11.5,11.3,18.7,0.13,Other microcytic anemia,"implausible_hgb,implausible_rbc,implausible_mcv"
169b035a-850b-48de-a33f-7236f1a72df4,2.7,43.4,1.2,0.2,4.77,13.1,41.0,2.0,86.4,27.4,31.7,169.0,14.3,0.17,Normocytic hypochromic anemia,"implausible_hgb,implausible_rbc"
3bf0edd5-8dab-4e0b-9d2a-2e890b874136,3.6,20.8,72.3,0.8,2.5,4.66,1.8,36.6,78.7,25.3,32.3,107.0,13.6,0.1,Other microcytic anemia,implausible_hgb
