test,aliases,panel,unit,sex,age_min,age_max,low,high,crit_low,crit_high,alt_unit,alt_factor
wbc,white_blood_cell|white_blood_cells|wbc_count|leukocytes|tlc,CBC,x10^9/L,any,18,120,4.0,11.0,2.0,30.0,,
rbc,red_blood_cell|red_blood_cells|rbc_count,CBC,x10^12/L,male,18,120,4.5,5.9,,,,
rbc,red_blood_cell|red_blood_cells|rbc_count,CBC,x10^12/L,female,18,120,4.1,5.1,,,,
hgb,hemoglobin|haemoglobin|hb,CBC,g/dL,male,18,120,13.0,17.5,7.0,20.0,g/L,0.1
hgb,hemoglobin|haemoglobin|hb,CBC,g/dL,female,18,120,12.0,15.5,7.0,20.0,g/L,0.1
hct,hematocrit|haematocrit|pcv,CBC,%,male,18,120,40,52,20,60,,
hct,hematocrit|haematocrit|pcv,CBC,%,female,18,120,36,46,20,60,,
mcv,mean_corpuscular_volume,CBC,fL,any,18,120,80,100,,,,
mch,mean_corpuscular_hemoglobin,CBC,pg,any,18,120,27,33,,,,
mchc,mean_corpuscular_hemoglobin_concentration,CBC,g/dL,any,18,120,31.5,36.0,,,,
plt,platelets|platelet_count|plt_count|thrombocytes,CBC,x10^9/L,any,18,120,150,450,20,1000,,
glucose,fbs|fbg|fasting_glucose|fasting_blood_sugar|blood_sugar|glu,Chemistry,mg/dL,any,18,120,70,99,40,500,mmol/L,18.016
hba1c,a1c|glycated_hemoglobin|hb_a1c,Chemistry,%,any,18,120,4.0,5.6,,,,
creatinine,creat|serum_creatinine|scr,Kidney,mg/dL,male,18,120,0.7,1.3,,7.0,umol/L,0.0113
creatinine,creat|serum_creatinine|scr,Kidney,mg/dL,female,18,120,0.6,1.1,,7.0,umol/L,0.0113
urea,blood_urea,Kidney,mg/dL,any,18,120,15,45,,,,
bun,blood_urea_nitrogen,Kidney,mg/dL,any,18,120,7,20,,,,
uric_acid,uric|ua|serum_uric_acid,Kidney,mg/dL,male,18,120,3.5,7.2,,,umol/L,0.0168
uric_acid,uric|ua|serum_uric_acid,Kidney,mg/dL,female,18,120,2.6,6.0,,,umol/L,0.0168
sodium,na,Electrolytes,mmol/L,any,18,120,135,145,120,160,,
potassium,k,Electrolytes,mmol/L,any,18,120,3.5,5.1,2.8,6.5,,
chloride,cl,Electrolytes,mmol/L,any,18,120,98,107,,,,
calcium,ca|serum_calcium,Electrolytes,mg/dL,any,18,120,8.6,10.2,6.5,13.0,mmol/L,4.008
alt,sgpt|alanine_aminotransferase,Liver,U/L,any,18,120,7,56,,,,
ast,sgot|aspartate_aminotransferase,Liver,U/L,any,18,120,10,40,,,,
alp,alkaline_phosphatase,Liver,U/L,any,18,120,44,147,,,,
bilirubin,total_bilirubin|t_bil|tbil,Liver,mg/dL,any,18,120,0.1,1.2,,,umol/L,0.0585
albumin,alb,Liver,g/dL,any,18,120,3.5,5.0,,,g/L,0.1
total_protein,tp,Liver,g/dL,any,18,120,6.0,8.3,,,g/L,0.1
cholesterol,total_cholesterol|chol|tc,Lipids,mg/dL,any,18,120,0,200,,,mmol/L,38.67
triglycerides,tg|trig,Lipids,mg/dL,any,18,120,0,150,,,mmol/L,88.57
ldl,ldl_c|ldl_cholesterol,Lipids,mg/dL,any,18,120,0,130,,,mmol/L,38.67
hdl,hdl_c|hdl_cholesterol,Lipids,mg/dL,male,18,120,40,200,,,mmol/L,38.67
hdl,hdl_c|hdl_cholesterol,Lipids,mg/dL,female,18,120,50,200,,,mmol/L,38.67
tsh,thyroid_stimulating_hormone,Thyroid,mIU/L,any,18,120,0.4,4.0,,,,
ft4,free_t4|t4_free,Thyroid,ng/dL,any,18,120,0.8,1.8,,,,
ft3,free_t3|t3_free,Thyroid,pg/mL,any,18,120,2.3,4.2,,,,
ferritin,serum_ferritin,Iron,ng/mL,male,18,120,24,336,,,,
ferritin,serum_ferritin,Iron,ng/mL,female,18,120,11,307,,,,
iron,serum_iron,Iron,ug/dL,any,18,120,60,170,,,,
tibc,total_iron_binding_capacity,Iron,ug/dL,any,18,120,240,450,,,,
crp,c_reactive_protein|crp_quant,Inflammation,mg/L,any,18,120,0,5,,,,
esr,erythrocyte_sedimentation_rate|esr_1h,Inflammation,mm/h,male,18,50,0,15,,,,
esr,erythrocyte_sedimentation_rate|esr_1h,Inflammation,mm/h,female,18,50,0,20,,,,
vitamin_d,vit_d|25_oh_vitamin_d|25_oh_d,Vitamins,ng/mL,any,18,120,30,100,,,,
b12,vitamin_b12|vit_b12|cobalamin,Vitamins,pg/mL,any,18,120,200,900,,,,
folate,folic_acid,Vitamins,ng/mL,any,18,120,3,17,,,,
