Patient ID,Sex,Age,WBC,RBC,HGB,MCV,PLT,Glucose,HbA1c,Creatinine,ALT,AST,Cholesterol,TSH,Sodium,Potassium,CRP
P001,F,33,7.6,4.88,13.4,74.0,254.0,84.0,5.3,0.43,14.0,23.0,178.0,0.15,135.0,3.8,1.9
P002,F,46,11.3,4.68,13.3,82.9,295.0,102.0,5.8,0.97,4.0,36.0,169.0,3.18,136.0,4.7,7.5
P003,F,40,8.9,4.65,12.5,93.7,391.0,61.0,5.6,0.99,39.0,21.0,178.0,1.82,139.0,5.1,3.5
P004,F,32,7.4,5.6,9.2,66.0,301.0,90.0,5.7,0.91,29.0,23.0,109.0,1.33,140.0,5.0,1.6
P005,F,74,6.1,4.75,10.8,87.7,264.0,120.0,5.6,0.84,35.0,39.0,233.0,2.9,140.0,4.1,7.2
P006,F,19,5.9,4.82,11.8,84.4,142.0,70.0,7.1,0.86,3.0,49.0,199.0,1.0,136.0,4.5,0.2
P007,F,24,11.5,4.91,13.6,97.4,287.0,122.0,4.8,0.71,24.0,47.0,229.0,0.05,139.0,4.2,4.7
P008,M,29,8.8,5.49,16.1,86.8,124.0,105.0,4.4,0.88,20.0,28.0,259.0,1.72,142.0,4.2,3.3
P009,M,73,7.7,3.8,8.9,72.0,161.0,75.0,4.8,0.81,16.0,29.0,191.0,0.25,141.0,4.8,1.8
P010,M,57,6.6,5.09,12.9,80.8,320.0,87.0,4.5,0.97,-6.0,42.0,127.0,1.36,140.0,3.7,0.1
P011,M,68,4.7,4.62,13.7,69.3,309.0,88.0,6.2,0.65,25.0,26.0,159.0,2.68,138.0,4.6,3.1
P012,F,30,7.3,4.21,12.2,57.7,250.0,97.0,6.3,1.01,44.0,17.0,148.0,2.61,142.0,4.2,3.3
P013,F,59,9.7,5.37,14.1,82.2,140.0,86.0,4.8,0.99,36.0,28.0,172.0,4.26,139.0,7.1,2.0
P014,M,39,6.5,5.38,14.2,99.0,234.0,80.0,4.5,0.91,20.0,32.0,193.0,1.94,137.0,4.3,0.9
P015,M,46,6.9,4.83,14.7,87.4,212.0,91.0,5.3,0.84,30.0,19.0,120.0,0.21,138.0,3.9,2.2
P016,F,19,6.9,5.17,14.7,76.4,305.0,75.0,6.7,1.09,42.0,11.0,202.0,1.22,144.0,4.3,3.0
P017,M,53,7.8,5.29,15.8,78.5,418.0,70.0,3.3,0.53,-14.0,13.0,137.0,1.0,141.0,4.5,4.2
P018,F,65,3.5,5.32,13.1,97.2,275.0,97.0,6.0,1.07,28.0,34.0,200.0,0.62,143.0,4.2,6.1
P019,M,56,6.9,5.36,14.3,88.4,205.0,117.0,4.7,1.01,39.0,19.0,186.0,2.77,139.0,4.4,1.5
P020,M,27,5.4,4.67,14.4,87.4,178.0,64.0,6.4,1.02,41.0,26.0,179.0,1.36,142.0,4.0,6.6
P021,F,48,9.7,5.66,12.0,86.5,256.0,35.0,4.7,1.05,57.0,29.0,187.0,0.05,138.0,3.3,0.9
P022,M,33,5.6,4.28,14.2,87.3,248.0,84.0,5.4,0.79,48.0,33.0,171.0,3.11,140.0,4.6,6.3
P023,M,73,8.9,5.33,14.4,94.2,179.0,77.0,4.4,0.89,35.0,24.0,169.0,2.06,146.0,4.5,1.8
P024,M,68,11.3,5.15,15.3,92.0,268.0,117.0,4.8,1.11,35.0,32.0,131.0,2.66,142.0,4.3,1.8
P025,F,29,6.7,5.34,12.2,88.9,179.0,87.0,6.7,1.06,43.0,18.0,189.0,2.34,139.0,4.2,3.4
P026,M,47,6.0,5.84,14.5,77.6,338.0,131.0,6.3,1.0,21.0,23.0,255.0,3.02,140.0,4.6,0.2
P027,F,71,8.0,5.64,11.7,91.6,334.0,81.0,5.3,0.57,29.0,17.0,259.0,2.25,141.0,4.0,6.0
P028,M,66,7.5,4.33,14.8,80.8,336.0,107.0,4.9,1.08,44.0,38.0,236.0,3.81,143.0,3.9,1.8
P029,M,58,5.0,4.06,14.2,96.8,227.0,93.0,4.1,1.24,61.0,27.0,215.0,2.75,139.0,4.1,0.8
P030,F,54,8.7,5.31,14.4,75.6,296.0,81.0,5.3,1.2,27.0,20.0,166.0,2.71,136.0,4.7,3.0
P031,F,21,12.5,4.39,13.2,85.8,251.0,111.0,5.6,1.01,29.0,23.0,240.0,2.73,139.0,3.6,7.2
P032,F,60,6.9,4.89,12.4,86.9,233.0,95.0,5.5,8.2,33.0,25.0,188.0,0.31,140.0,4.7,5.8
P033,F,45,7.0,5.32,12.8,75.1,236.0,111.0,5.5,1.19,51.0,34.0,188.0,1.99,140.0,3.9,0.4
P034,F,24,4.9,4.08,12.5,102.5,169.0,97.0,4.7,0.91,30.0,11.0,180.0,1.86,143.0,3.8,0.2
P035,F,32,8.3,3.85,13.2,100.1,159.0,74.0,5.5,0.32,54.0,17.0,193.0,2.47,141.0,4.7,3.4
P036,F,49,4.4,5.03,12.7,82.8,316.0,96.0,5.6,1.04,15.0,23.0,175.0,0.43,142.0,4.2,1.2
P037,F,59,4.7,4.92,12.8,93.9,247.0,99.0,6.6,0.58,27.0,52.0,187.0,4.32,137.0,3.7,2.7
P038,F,47,10.7,4.78,11.5,90.4,275.0,119.0,7.1,0.63,27.0,37.0,152.0,2.34,142.0,4.1,5.4
P039,M,53,5.2,4.92,15.3,63.5,330.0,78.0,5.5,0.79,43.0,26.0,177.0,0.63,145.0,4.6,0.9
P040,F,67,10.2,4.47,15.2,89.3,139.0,97.0,5.0,1.27,47.0,34.0,270.0,0.05,142.0,4.7,3.7
P041,M,57,11.3,4.14,12.0,86.4,205.0,60.0,5.5,0.86,6.0,48.0,188.0,1.83,141.0,4.0,0.9
P042,M,39,8.1,4.82,14.4,87.7,272.0,112.0,5.1,1.02,15.0,25.0,182.0,2.08,140.0,4.4,0.5
P043,F,55,8.9,4.41,13.6,77.3,287.0,74.0,5.0,1.39,35.0,23.0,209.0,1.27,144.0,4.5,2.5
P044,M,52,12.4,4.08,15.0,84.6,234.0,58.0,5.6,1.35,19.0,39.0,215.0,2.32,138.0,3.9,6.6
P045,F,25,18.5,5.15,11.5,85.4,332.0,97.0,4.8,0.92,6.0,32.0,151.0,1.37,140.0,4.3,2.9
P046,F,22,6.0,4.87,12.9,97.7,275.0,122.0,6.1,0.89,47.0,34.0,183.0,2.92,141.0,4.2,5.1
P047,M,55,4.1,5.1,13.9,90.0,175.0,64.0,5.5,0.63,38.0,22.0,222.0,1.26,142.0,4.0,2.4
P048,M,40,7.6,4.41,15.1,87.0,195.0,74.0,5.8,0.78,38.0,46.0,199.0,2.15,139.0,4.0,0.7
P049,M,52,11.2,4.57,15.5,100.8,316.0,82.0,5.5,1.06,22.0,44.0,194.0,3.47,141.0,4.2,1.3
P050,M,37,9.9,4.4,14.6,82.0,292.0,73.0,5.0,1.05,46.0,33.0,244.0,5.54,139.0,4.2,16.5
P051,M,31,5.1,4.46,14.5,83.5,127.0,106.0,4.8,0.98,26.0,34.0,166.0,0.89,140.0,4.0,0.7
P052,F,27,5.4,5.0,12.3,70.6,354.0,80.0,5.4,1.2,48.0,7.0,193.0,1.6,140.0,4.0,2.8
P053,F,40,6.2,4.51,13.7,101.1,302.0,82.0,5.2,0.76,15.0,33.0,172.0,1.11,137.0,4.6,1.5
P054,M,64,8.2,5.08,13.4,95.7,354.0,111.0,5.8,0.94,16.0,25.0,242.0,3.22,140.0,4.3,4.4
P055,F,41,7.0,5.07,13.0,95.3,233.0,81.0,5.6,1.13,33.0,31.0,122.0,0.71,142.0,4.6,1.7
P056,F,40,8.0,5.91,11.9,93.0,239.0,108.0,4.5,1.1,19.0,34.0,167.0,1.57,138.0,4.7,0.7
P057,F,51,8.2,4.2,11.7,88.0,181.0,77.0,5.7,1.22,41.0,24.0,171.0,2.16,139.0,4.4,4.8
P058,F,73,6.8,5.34,14.8,88.9,438.0,71.0,4.5,1.05,34.0,10.0,213.0,0.93,142.0,5.1,0.3
P059,M,40,7.4,4.86,13.6,84.7,248.0,58.0,5.1,0.87,15.0,31.0,211.0,0.96,137.0,3.9,4.4
P060,F,52,8.0,4.89,13.6,85.2,371.0,139.0,5.4,1.04,31.0,20.0,239.0,1.58,140.0,4.5,11.3
